ntdll.dll,0x455c8,243,NTSTATUS,WINAPI,NtCreateFile,out,HANDLE*,FileHandle,in,ACCESS_MASK,DesiredAccess,in,OBJECT_ATTRIBUTES*,ObjectAttributes,out,PIO_STATUS_BLOCK,IoStatusBlock,in,LARGE_INTEGER*,AllocationSize,in,ULONG,FileAttributes,in,ULONG,ShareAccess,in,ULONG,CreateDisposition,in,ULONG,CreateOptions,in,PVOID,EaBuffer,in,ULONG,EaLength
ntoskrnl.exe,0x24c42e,1085,NTSTATUS,WINAPI,NtCreateFile,out,HANDLE*,FileHandle,in,ACCESS_MASK,DesiredAccess,in,OBJECT_ATTRIBUTES*,ObjectAttributes,out,PIO_STATUS_BLOCK,IoStatusBlock,in,LARGE_INTEGER*,AllocationSize,in,ULONG,FileAttributes,in,ULONG,ShareAccess,in,ULONG,CreateDisposition,in,ULONG,CreateOptions,in,PVOID,EaBuffer,in,ULONG,EaLength
ntdll.dll,0x45cd8,358,NTSTATUS,WINAPI,NtOpenFile,out,HANDLE*,FileHandle,in,ACCESS_MASK,DesiredAccess,in,OBJECT_ATTRIBUTES*,ObjectAttributes,out,PIO_STATUS_BLOCK,IoStatusBlock,in,ULONG,ShareAccess,in,ULONG,OpenOptions
ntoskrnl.exe,0x25769c,1108,NTSTATUS,WINAPI,NtOpenFile,out,HANDLE*,FileHandle,in,ACCESS_MASK,DesiredAccess,in,OBJECT_ATTRIBUTES*,ObjectAttributes,out,PIO_STATUS_BLOCK,IoStatusBlock,in,ULONG,ShareAccess,in,ULONG,OpenOptions
ntdll.dll,0x462b8,452,NTSTATUS,WINAPI,NtReadFile,in,HANDLE,FileHandle,in,HANDLE,Event,in,PIO_APC_ROUTINE,ApcRoutine,in,PVOID,ApcContext,out,PIO_STATUS_BLOCK,IoStatusBlock,out,PVOID,Buffer,in,ULONG,Length,in,LARGE_INTEGER*,ByteOffset,in,ULONG*,Key
ntoskrnl.exe,0x20626e,1142,NTSTATUS,WINAPI,NtReadFile,in,HANDLE,FileHandle,in,HANDLE,Event,in,PIO_APC_ROUTINE,ApcRoutine,in,PVOID,ApcContext,out,PIO_STATUS_BLOCK,IoStatusBlock,out,PVOID,Buffer,in,ULONG,Length,in,LARGE_INTEGER*,ByteOffset,in,ULONG*,Key
ntdll.dll,0x46a68,575,NTSTATUS,WINAPI,NtWriteFile,in,HANDLE,FileHandle,in,HANDLE,Event,in,PIO_APC_ROUTINE,ApcRoutine,in,PVOID,ApcContext,out,PIO_STATUS_BLOCK,IoStatusBlock,in,PVOID,Buffer,in,ULONG,Length,in,LARGE_INTEGER*,ByteOffset,in,ULONG*,Key
ntoskrnl.exe,0x21b078,1171,NTSTATUS,WINAPI,NtWriteFile,in,HANDLE,FileHandle,in,HANDLE,Event,in,PIO_APC_ROUTINE,ApcRoutine,in,PVOID,ApcContext,out,PIO_STATUS_BLOCK,IoStatusBlock,in,PVOID,Buffer,in,ULONG,Length,in,LARGE_INTEGER*,ByteOffset,in,ULONG*,Key
ntdll.dll,0x45808,280,NTSTATUS,WINAPI,NtDeleteFile,in,OBJECT_ATTRIBUTES*,ObjectAttributes
ntoskrnl.exe,0x190a91,1091,NTSTATUS,WINAPI,NtDeleteFile,in,OBJECT_ATTRIBUTES*,ObjectAttributes
ntdll.dll,0x45858,285,NTSTATUS,WINAPI,NtDeviceIoControlFile,in,HANDLE,FileHandle,in,HANDLE,Event,in,PIO_APC_ROUTINE,ApcRoutine,in,PVOID,ApcContext,out,PIO_STATUS_BLOCK,IoStatusBlock,in,ULONG,IoControlCode,in,PVOID,InputBuffer,in,ULONG,InputBufferLength,out,PVOID,OutputBuffer,in,ULONG,OutputBufferLength
ntoskrnl.exe,0x20ed73,1092,NTSTATUS,WINAPI,NtDeviceIoControlFile,in,HANDLE,FileHandle,in,HANDLE,Event,in,PIO_APC_ROUTINE,ApcRoutine,in,PVOID,ApcContext,out,PIO_STATUS_BLOCK,IoStatusBlock,in,ULONG,IoControlCode,in,PVOID,InputBuffer,in,ULONG,InputBufferLength,out,PVOID,OutputBuffer,in,ULONG,OutputBufferLength
ntdll.dll,0x45f98,402,NTSTATUS,WINAPI,NtQueryDirectoryFile,in,HANDLE,FileHandle,in,HANDLE,Event,in,PIO_APC_ROUTINE,ApcRoutine,in,PVOID,ApcContext,out,PIO_STATUS_BLOCK,IoStatusBlock,out,PVOID,FileInformation,in,ULONG,Length,in,FILE_INFORMATION_CLASS,FileInformationClass,in,BOOLEAN,ReturnSingleEntry,in,UNICODE_STRING*,FileName,in,BOOLEAN,RestartScan
ntoskrnl.exe,0x258250,1124,NTSTATUS,WINAPI,NtQueryDirectoryFile,in,HANDLE,FileHandle,in,HANDLE,Event,in,PIO_APC_ROUTINE,ApcRoutine,in,PVOID,ApcContext,out,PIO_STATUS_BLOCK,IoStatusBlock,out,PVOID,FileInformation,in,ULONG,Length,in,FILE_INFORMATION_CLASS,FileInformationClass,in,BOOLEAN,ReturnSingleEntry,in,UNICODE_STRING*,FileName,in,BOOLEAN,RestartScan
ntdll.dll,0x46018,410,NTSTATUS,WINAPI,NtQueryInformationFile,in,HANDLE,FileHandle,out,PIO_STATUS_BLOCK,IoStatusBlock,out,PVOID,FileInformation,in,ULONG,Length,in,FILE_INFORMATION_CLASS,FileInformationClass
ntoskrnl.exe,0x21b773,1129,NTSTATUS,WINAPI,NtQueryInformationFile,in,HANDLE,FileHandle,out,PIO_STATUS_BLOCK,IoStatusBlock,out,PVOID,FileInformation,in,ULONG,Length,in,FILE_INFORMATION_CLASS,FileInformationClass
ntdll.dll,0x46638,508,NTSTATUS,WINAPI,NtSetInformationFile,in,HANDLE,FileHandle,out,PIO_STATUS_BLOCK,IoStatusBlock,in,PVOID,FileInformation,in,ULONG,Length,in,FILE_INFORMATION_CLASS,FileInformationClass
ntoskrnl.exe,0x2388e1,1155,NTSTATUS,WINAPI,NtSetInformationFile,in,HANDLE,FileHandle,out,PIO_STATUS_BLOCK,IoStatusBlock,in,PVOID,FileInformation,in,ULONG,Length,in,FILE_INFORMATION_CLASS,FileInformationClass
ntdll.dll,0x45c98,354,NTSTATUS,WINAPI,NtOpenDirectoryObject,out,HANDLE*,DirectoryHandle,in,ACCESS_MASK,DesiredAccess,in,OBJECT_ATTRIBUTES*,ObjectAttributes
ntdll.dll,0x45588,239,NTSTATUS,WINAPI,NtCreateDirectoryObject,out,HANDLE*,DirectoryHandle,in,ACCESS_MASK,DesiredAccess,in,OBJECT_ATTRIBUTES*,ObjectAttributes
KERNEL32.dll,0x44a6d,869,BOOL,WINAPI,MoveFileWithProgressW,in,WSTR*,lpExistingFileName,in,WSTR*,lpNewFileName,in,LPPROGRESS_ROUTINE,lpProgressRoutine,in,PVOID,lpData,in,DWORD,dwFlags
KERNEL32.dll,0x43925,131,BOOL,WINAPI,CreateDirectoryW,in,WSTR*,lpPathName,in,SECURITY_ATTRIBUTES*,lpSecurityAttributes
KERNELBASE.dll,0xf232,71,BOOL,WINAPI,CreateDirectoryW,in,WSTR*,lpPathName,in,SECURITY_ATTRIBUTES*,lpSecurityAttributes
KERNEL32.dll,0x85e89,128,BOOL,WINAPI,CreateDirectoryExW,in,WSTR*,lpTemplateDirectory,in,WSTR*,lpNewDirectory,in,SECURITY_ATTRIBUTES*,lpSecurityAttributes
KERNEL32.dll,0x8f53f,1024,BOOL,WINAPI,RemoveDirectoryA,in,STR*,lpPathName
KERNELBASE.dll,0x3528e,501,BOOL,WINAPI,RemoveDirectoryA,in,STR*,lpPathName
KERNEL32.dll,0x3586a,1027,BOOL,WINAPI,RemoveDirectoryW,in,WSTR*,lpPathName
KERNELBASE.dll,0x16c94,502,BOOL,WINAPI,RemoveDirectoryW,in,WSTR*,lpPathName
KERNEL32.dll,0x44a6d,869,BOOL,WINAPI,MoveFileWithProgressW,in,WSTR*,lpExistingFileName,in,WSTR*,lpNewFileName,in,LPPROGRESS_ROUTINE,lpProgressRoutine,in,PVOID,lpData,in,DWORD,dwFlags
KERNEL32.dll,0x8f3ef,309,HANDLE,WINAPI,FindFirstFileExA,in,STR*,lpFileName,in,FINDEX_INFO_LEVELS,fInfoLevelId,out,PVOID,lpFindFileData,in,FINDEX_SEARCH_OPS,fSearchOp,in,PVOID,lpSearchFilter,in,DWORD,dwAdditionalFlags
KERNELBASE.dll,0x35364,159,HANDLE,WINAPI,FindFirstFileExA,in,STR*,lpFileName,in,FINDEX_INFO_LEVELS,fInfoLevelId,out,PVOID,lpFindFileData,in,FINDEX_SEARCH_OPS,fSearchOp,in,PVOID,lpSearchFilter,in,DWORD,dwAdditionalFlags
KERNEL32.dll,0x5764b,310,HANDLE,WINAPI,FindFirstFileExW,in,WSTR*,lpFileName,in,FINDEX_INFO_LEVELS,fInfoLevelId,out,PVOID,lpFindFileData,in,FINDEX_SEARCH_OPS,fSearchOp,in,PVOID,lpSearchFilter,in,DWORD,dwAdditionalFlags
KERNELBASE.dll,0x9ffd,160,HANDLE,WINAPI,FindFirstFileExW,in,WSTR*,lpFileName,in,FINDEX_INFO_LEVELS,fInfoLevelId,out,PVOID,lpFindFileData,in,FINDEX_SEARCH_OPS,fSearchOp,in,PVOID,lpSearchFilter,in,DWORD,dwAdditionalFlags
KERNEL32.dll,0x6532c,114,BOOL,WINAPI,CopyFileA,in,STR*,lpExistingFileName,in,STR*,lpNewFileName,in,BOOL,bFailIfExists
KERNEL32.dll,0x367c3,119,BOOL,WINAPI,CopyFileW,in,WSTR*,lpExistingFileName,in,WSTR*,lpNewFileName,in,BOOL,bFailIfExists
KERNEL32.dll,0x3ac6c,116,BOOL,WINAPI,CopyFileExW,in,WSTR*,lpExistingFileName,in,WSTR*,lpNewFileName,in,LPPROGRESS_ROUTINE,lpProgressRoutine,in,PVOID,lpData,in,LPBOOL,pbCancel,in,DWORD,dwCopyFlags
KERNEL32.dll,0x447cb,213,BOOL,WINAPI,DeleteFileA,in,STR*,lpFileName
KERNELBASE.dll,0xc8a1,111,BOOL,WINAPI,DeleteFileA,in,STR*,lpFileName
KERNEL32.dll,0x40f62,216,BOOL,WINAPI,DeleteFileW,in,WSTR*,lpFileName
KERNELBASE.dll,0x109b5,112,BOOL,WINAPI,DeleteFileW,in,WSTR*,lpFileName
ADVAPI32.dll,0x14907,1609,LONG,WINAPI,RegOpenKeyExA,in,HKEY,hKey,in,STR*,lpSubKey,in,DWORD,ulOptions,in,REGSAM,samDesired,out,HKEY*,phkResult
KERNEL32.dll,0x5340e,991,LONG,WINAPI,RegOpenKeyExA,in,HKEY,hKey,in,STR*,lpSubKey,in,DWORD,ulOptions,in,REGSAM,samDesired,out,HKEY*,phkResult
ADVAPI32.dll,0x1468d,1610,LONG,WINAPI,RegOpenKeyExW,in,HKEY,hKey,in,WSTR*,lpSubKey,in,DWORD,ulOptions,in,REGSAM,samDesired,out,HKEY*,phkResult
KERNEL32.dll,0x4c189,992,LONG,WINAPI,RegOpenKeyExW,in,HKEY,hKey,in,WSTR*,lpSubKey,in,DWORD,ulOptions,in,REGSAM,samDesired,out,HKEY*,phkResult
ADVAPI32.dll,0x11469,1569,LONG,WINAPI,RegCreateKeyExA,in,HKEY,hKey,in,STR*,lpSubKey,in,DWORD,Reserved,in,STR*,lpClass,in,DWORD,dwOptions,in,REGSAM,samDesired,in,SECURITY_ATTRIBUTES*,lpSecurityAttributes,out,HKEY*,phkResult,out,DWORD*,lpdwDisposition
KERNEL32.dll,0x42d7c,966,LONG,WINAPI,RegCreateKeyExA,in,HKEY,hKey,in,STR*,lpSubKey,in,DWORD,Reserved,in,STR*,lpClass,in,DWORD,dwOptions,in,REGSAM,samDesired,in,SECURITY_ATTRIBUTES*,lpSecurityAttributes,out,HKEY*,phkResult,out,DWORD*,lpdwDisposition
ADVAPI32.dll,0x140fe,1570,LONG,WINAPI,RegCreateKeyExW,in,HKEY,hKey,in,WSTR*,lpSubKey,in,DWORD,Reserved,in,WSTR*,lpClass,in,DWORD,dwOptions,in,REGSAM,samDesired,in,SECURITY_ATTRIBUTES*,lpSecurityAttributes,out,HKEY*,phkResult,out,DWORD*,lpdwDisposition
KERNEL32.dll,0x40d25,967,LONG,WINAPI,RegCreateKeyExW,in,HKEY,hKey,in,WSTR*,lpSubKey,in,DWORD,Reserved,in,WSTR*,lpClass,in,DWORD,dwOptions,in,REGSAM,samDesired,in,SECURITY_ATTRIBUTES*,lpSecurityAttributes,out,HKEY*,phkResult,out,DWORD*,lpdwDisposition
ADVAPI32.dll,0x2a8b7,1574,LONG,WINAPI,RegDeleteKeyA,in,HKEY,hKey,in,STR*,lpSubKey
ADVAPI32.dll,0x11272,1581,LONG,WINAPI,RegDeleteKeyW,in,HKEY,hKey,in,WSTR*,lpSubKey
ADVAPI32.dll,0x1445b,1593,LONG,WINAPI,RegEnumKeyW,in,HKEY,hKey,in,DWORD,dwIndex,out,WSTR*,lpName,in,DWORD,cchName
ADVAPI32.dll,0x11481,1591,LONG,WINAPI,RegEnumKeyExA,in,HKEY,hKey,in,DWORD,dwIndex,out,STR*,lpName,inout,DWORD*,lpcName,in,DWORD*,lpReserved,inout,STR*,lpClass,inout,DWORD*,lpcClass,out,FILETIME*,lpftLastWriteTime
KERNEL32.dll,0x3dedc,975,LONG,WINAPI,RegEnumKeyExA,in,HKEY,hKey,in,DWORD,dwIndex,out,STR*,lpName,inout,DWORD*,lpcName,in,DWORD*,lpReserved,inout,STR*,lpClass,inout,DWORD*,lpcClass,out,FILETIME*,lpftLastWriteTime
ADVAPI32.dll,0x146c8,1592,LONG,WINAPI,RegEnumKeyExW,in,HKEY,hKey,in,DWORD,dwIndex,out,WSTR*,lpName,inout,DWORD*,lpcName,in,DWORD*,lpReserved,inout,WSTR*,lpClass,inout,DWORD*,lpcClass,out,FILETIME*,lpftLastWriteTime
KERNEL32.dll,0x4575a,976,LONG,WINAPI,RegEnumKeyExW,in,HKEY,hKey,in,DWORD,dwIndex,out,WSTR*,lpName,inout,DWORD*,lpcName,in,DWORD*,lpReserved,inout,WSTR*,lpClass,inout,DWORD*,lpcClass,out,FILETIME*,lpftLastWriteTime
ADVAPI32.dll,0xcf49,1594,LONG,WINAPI,RegEnumValueA,in,HKEY,hKey,in,DWORD,dwIndex,out,STR*,lpValueName,inout,DWORD*,lpcchValueName,in,DWORD*,lpReserved,out,DWORD*,lpType,out,BYTE*,lpData,inout,DWORD*,lpcbData
KERNEL32.dll,0x38404,977,LONG,WINAPI,RegEnumValueA,in,HKEY,hKey,in,DWORD,dwIndex,out,STR*,lpValueName,inout,DWORD*,lpcchValueName,in,DWORD*,lpReserved,out,DWORD*,lpType,out,BYTE*,lpData,inout,DWORD*,lpcbData
ADVAPI32.dll,0x148cc,1595,LONG,WINAPI,RegEnumValueW,in,HKEY,hKey,in,DWORD,dwIndex,out,WSTR*,lpValueName,inout,DWORD*,lpcchValueName,in,DWORD*,lpReserved,out,DWORD*,lpType,out,BYTE*,lpData,inout,DWORD*,lpcbData
KERNEL32.dll,0x45233,978,LONG,WINAPI,RegEnumValueW,in,HKEY,hKey,in,DWORD,dwIndex,out,WSTR*,lpValueName,inout,DWORD*,lpcchValueName,in,DWORD*,lpReserved,out,DWORD*,lpType,out,BYTE*,lpData,inout,DWORD*,lpcbData
ADVAPI32.dll,0x114b3,1638,LONG,WINAPI,RegSetValueExA,in,HKEY,hKey,in,STR*,lpValueName,in,DWORD,Reserved,in,DWORD,dwType,in,BYTE*,lpData,in,DWORD,cbData
KERNEL32.dll,0x436f3,1003,LONG,WINAPI,RegSetValueExA,in,HKEY,hKey,in,STR*,lpValueName,in,DWORD,Reserved,in,DWORD,dwType,in,BYTE*,lpData,in,DWORD,cbData
ADVAPI32.dll,0x114d6,1639,LONG,WINAPI,RegSetValueExW,in,HKEY,hKey,in,WSTR*,lpValueName,in,DWORD,Reserved,in,DWORD,dwType,in,BYTE*,lpData,in,DWORD,cbData
KERNEL32.dll,0x494b0,1004,LONG,WINAPI,RegSetValueExW,in,HKEY,hKey,in,WSTR*,lpValueName,in,DWORD,Reserved,in,DWORD,dwType,in,BYTE*,lpData,in,DWORD,cbData
ADVAPI32.dll,0x148ef,1622,LONG,WINAPI,RegQueryValueExA,in,HKEY,hKey,in,STR*,lpValueName,in,DWORD*,lpReserved,out,DWORD*,lpType,out,BYTE*,lpData,inout,DWORD*,lpcbData
KERNEL32.dll,0x535b3,996,LONG,WINAPI,RegQueryValueExA,in,HKEY,hKey,in,STR*,lpValueName,in,DWORD*,lpReserved,out,DWORD*,lpType,out,BYTE*,lpData,inout,DWORD*,lpcbData
ADVAPI32.dll,0x146ad,1623,LONG,WINAPI,RegQueryValueExW,in,HKEY,hKey,in,WSTR*,lpValueName,in,DWORD*,lpReserved,out,DWORD*,lpType,out,BYTE*,lpData,inout,DWORD*,lpcbData
KERNEL32.dll,0x53218,997,LONG,WINAPI,RegQueryValueExW,in,HKEY,hKey,in,WSTR*,lpValueName,in,DWORD*,lpReserved,out,DWORD*,lpType,out,BYTE*,lpData,inout,DWORD*,lpcbData
ADVAPI32.dll,0x2a4ea,1584,LONG,WINAPI,RegDeleteValueA,in,HKEY,hKey,in,STR*,lpValueName
KERNEL32.dll,0x66f33,972,LONG,WINAPI,RegDeleteValueA,in,HKEY,hKey,in,STR*,lpValueName
ADVAPI32.dll,0xcf31,1585,LONG,WINAPI,RegDeleteValueW,in,HKEY,hKey,in,WSTR*,lpValueName
KERNEL32.dll,0x3b57f,973,LONG,WINAPI,RegDeleteValueW,in,HKEY,hKey,in,WSTR*,lpValueName
ADVAPI32.dll,0xe143,1616,LONG,WINAPI,RegQueryInfoKeyA,in,HKEY,hKey,out,STR*,lpClass,inout,DWORD*,lpcClass,in,DWORD*,lpReserved,out,DWORD*,lpcSubKeys,out,DWORD*,lpcMaxSubKeyLen,out,DWORD*,lpcMaxClassLen,out,DWORD*,lpcValues,out,DWORD*,lpcMaxValueNameLen,out,DWORD*,lpcMaxValueLen,out,DWORD*,lpcbSecurityDescriptor,out,FILETIME*,lpftLastWriteTime
KERNEL32.dll,0x38ff0,994,LONG,WINAPI,RegQueryInfoKeyA,in,HKEY,hKey,out,STR*,lpClass,inout,DWORD*,lpcClass,in,DWORD*,lpReserved,out,DWORD*,lpcSubKeys,out,DWORD*,lpcMaxSubKeyLen,out,DWORD*,lpcMaxClassLen,out,DWORD*,lpcValues,out,DWORD*,lpcMaxValueNameLen,out,DWORD*,lpcMaxValueLen,out,DWORD*,lpcbSecurityDescriptor,out,FILETIME*,lpftLastWriteTime
ADVAPI32.dll,0x146e7,1617,LONG,WINAPI,RegQueryInfoKeyW,in,HKEY,hKey,out,WSTR*,lpClass,inout,DWORD*,lpcClass,in,DWORD*,lpReserved,out,DWORD*,lpcSubKeys,out,DWORD*,lpcMaxSubKeyLen,out,DWORD*,lpcMaxClassLen,out,DWORD*,lpcValues,out,DWORD*,lpcMaxValueNameLen,out,DWORD*,lpcMaxValueLen,out,DWORD*,lpcbSecurityDescriptor,out,FILETIME*,lpftLastWriteTime
KERNEL32.dll,0x44d75,995,LONG,WINAPI,RegQueryInfoKeyW,in,HKEY,hKey,out,WSTR*,lpClass,inout,DWORD*,lpcClass,in,DWORD*,lpReserved,out,DWORD*,lpcSubKeys,out,DWORD*,lpcMaxSubKeyLen,out,DWORD*,lpcMaxClassLen,out,DWORD*,lpcValues,out,DWORD*,lpcMaxValueNameLen,out,DWORD*,lpcMaxValueLen,out,DWORD*,lpcbSecurityDescriptor,out,FILETIME*,lpftLastWriteTime
ADVAPI32.dll,0x1469d,1561,LONG,WINAPI,RegCloseKey,in,HKEY,hKey
KERNEL32.dll,0x4cb4f,965,LONG,WINAPI,RegCloseKey,in,HKEY,hKey
ntdll.dll,0x45608,247,NTSTATUS,WINAPI,NtCreateKey,out,HANDLE*,KeyHandle,in,ACCESS_MASK,DesiredAccess,in,OBJECT_ATTRIBUTES*,ObjectAttributes,in,ULONG,TitleIndex,in,UNICODE_STRING*,Class,in,ULONG,CreateOptions,out,ULONG*,Disposition
ntdll.dll,0x45d08,361,NTSTATUS,WINAPI,NtOpenKey,out,HANDLE*,KeyHandle,in,ACCESS_MASK,DesiredAccess,in,OBJECT_ATTRIBUTES*,ObjectAttributes
ntdll.dll,0x45d18,362,NTSTATUS,WINAPI,NtOpenKeyEx,out,HANDLE*,KeyHandle,in,ACCESS_MASK,DesiredAccess,in,OBJECT_ATTRIBUTES*,ObjectAttributes,in,ULONG,OpenOptions
ntdll.dll,0x463c8,469,NTSTATUS,WINAPI,NtRenameKey,in,HANDLE,KeyHandle,in,UNICODE_STRING*,NewName
ntdll.dll,0x463e8,471,NTSTATUS,WINAPI,NtReplaceKey,in,OBJECT_ATTRIBUTES*,NewHiveFileName,in,HANDLE,KeyHandle,in,OBJECT_ATTRIBUTES*,BackupHiveFileName
ntdll.dll,0x458e8,294,NTSTATUS,WINAPI,NtEnumerateKey,in,HANDLE,KeyHandle,in,ULONG,Index,in,KEY_INFORMATION_CLASS,KeyInformationClass,out,PVOID,KeyInformation,in,ULONG,Length,out,ULONG*,ResultLength
ntdll.dll,0x45918,297,NTSTATUS,WINAPI,NtEnumerateValueKey,in,HANDLE,KeyHandle,in,ULONG,Index,in,KEY_VALUE_INFORMATION_CLASS,KeyValueInformationClass,out,PVOID,KeyValueInformation,in,ULONG,Length,out,ULONG*,ResultLength
ntdll.dll,0x46808,537,NTSTATUS,WINAPI,NtSetValueKey,in,HANDLE,KeyHandle,in,UNICODE_STRING*,ValueName,in,ULONG,TitleIndex,in,ULONG,Type,in,PVOID,Data,in,ULONG,DataSize
ntdll.dll,0x46248,445,NTSTATUS,WINAPI,NtQueryValueKey,in,HANDLE,KeyHandle,in,UNICODE_STRING*,ValueName,in,KEY_VALUE_INFORMATION_CLASS,KeyValueInformationClass,out,PVOID,KeyValueInformation,in,ULONG,Length,out,ULONG*,ResultLength
ntdll.dll,0x46108,425,NTSTATUS,WINAPI,NtQueryMultipleValueKey,in,HANDLE,KeyHandle,inout,KEY_VALUE_ENTRY*,ValueEntries,in,ULONG,EntryCount,out,PVOID,ValueBuffer,inout,ULONG*,BufferLength,out,ULONG*,RequiredBufferLength
ntdll.dll,0x45818,281,NTSTATUS,WINAPI,NtDeleteKey,in,HANDLE,KeyHandle
ntdll.dll,0x45848,284,NTSTATUS,WINAPI,NtDeleteValueKey,in,HANDLE,KeyHandle,in,UNICODE_STRING*,ValueName
ntdll.dll,0x45b68,336,NTSTATUS,WINAPI,NtLoadKey,in,OBJECT_ATTRIBUTES*,TargetKey,in,OBJECT_ATTRIBUTES*,SourceFile
ntdll.dll,0x45b78,335,NTSTATUS,WINAPI,NtLoadKey2,in,OBJECT_ATTRIBUTES*,TargetKey,in,OBJECT_ATTRIBUTES*,SourceFile,in,ULONG,Flags
ntdll.dll,0x45b88,337,NTSTATUS,WINAPI,NtLoadKeyEx,in,OBJECT_ATTRIBUTES*,TargetKey,in,OBJECT_ATTRIBUTES*,SourceFile,in,ULONG,Flags,in,HANDLE,TrustClassKey
ntdll.dll,0x460e8,423,NTSTATUS,WINAPI,NtQueryKey,in,HANDLE,KeyHandle,in,KEY_INFORMATION_CLASS,KeyInformationClass,out,PVOID,KeyInformation,in,ULONG,Length,out,ULONG*,ResultLength
ntdll.dll,0x464f8,488,NTSTATUS,WINAPI,NtSaveKey,in,HANDLE,KeyHandle,in,HANDLE,FileHandle
ntdll.dll,0x46508,489,NTSTATUS,WINAPI,NtSaveKeyEx,in,HANDLE,KeyHandle,in,HANDLE,FileHandle,in,ULONG,Format
USER32.dll,0x8ff3,1756,HWND,WINAPI,FindWindowA,in,STR*,lpClassName,in,STR*,lpWindowName
USER32.dll,0xae0d,1759,HWND,WINAPI,FindWindowW,in,WSTR*,lpClassName,in,WSTR*,lpWindowName
USER32.dll,0x6f69,1757,HWND,WINAPI,FindWindowExA,in,HWND,hwndParent,in,HWND,hwndChildAfter,in,STR*,lpszClass,in,STR*,lpszWindow
USER32.dll,0x3712b,1758,HWND,WINAPI,FindWindowExW,in,HWND,hwndParent,in,HWND,hwndChildAfter,in,WSTR*,lpszClass,in,WSTR*,lpszWindow
ntdll.dll,0x45648,251,NTSTATUS,WINAPI,NtCreateMutant,out,HANDLE*,MutantHandle,in,ACCESS_MASK,DesiredAccess,in,OBJECT_ATTRIBUTES*,ObjectAttributes,in,BOOLEAN,InitialOwner
ntdll.dll,0x45d58,366,NTSTATUS,WINAPI,NtOpenMutant,out,HANDLE*,MutantHandle,in,ACCESS_MASK,DesiredAccess,in,OBJECT_ATTRIBUTES*,ObjectAttributes
ntdll.dll,0x45658,252,NTSTATUS,WINAPI,NtCreateNamedPipeFile,out,HANDLE*,NamedPipeFileHandle,in,ACCESS_MASK,DesiredAccess,in,OBJECT_ATTRIBUTES*,ObjectAttributes,out,PIO_STATUS_BLOCK,IoStatusBlock,in,ULONG,ShareAccess,in,ULONG,CreateDisposition,in,ULONG,CreateOptions,in,BOOLEAN,WriteModeMessage,in,BOOLEAN,ReadModeMessage,in,BOOLEAN,NonBlocking,in,ULONG,MaxInstances,in,ULONG,InBufferSize,in,ULONG,OutBufferSize,in,LARGE_INTEGER*,DefaultTimeOut
ntdll.dll,0x45698,256,NTSTATUS,WINAPI,NtCreateProcess,out,HANDLE*,ProcessHandle,in,ACCESS_MASK,DesiredAccess,in,OBJECT_ATTRIBUTES*,ObjectAttributes,in,HANDLE,ParentProcess,in,BOOLEAN,InheritObjectTable,in,HANDLE,SectionHandle,in,HANDLE,DebugPort,in,HANDLE,ExceptionPort
ntdll.dll,0x456a8,257,NTSTATUS,WINAPI,NtCreateProcessEx,out,HANDLE*,ProcessHandle,in,ACCESS_MASK,DesiredAccess,in,OBJECT_ATTRIBUTES*,ObjectAttributes,in,HANDLE,ParentProcess,in,ULONG,Flags,in,HANDLE,SectionHandle,in,HANDLE,DebugPort,in,HANDLE,ExceptionPort,in,BOOLEAN,InJob
ntdll.dll,0x45778,270,NTSTATUS,WINAPI,NtCreateUserProcess,out,HANDLE*,ProcessHandle,out,HANDLE*,ThreadHandle,in,ACCESS_MASK,ProcessDesiredAccess,in,ACCESS_MASK,ThreadDesiredAccess,in,OBJECT_ATTRIBUTES*,ProcessObjectAttributes,in,OBJECT_ATTRIBUTES*,ThreadObjectAttributes,in,ULONG,ProcessFlags,in,ULONG,ThreadFlags,in,RTL_USER_PROCESS_PARAMETERS*,ProcessParameters,inout,PPS_CREATE_INFO,CreateInfo,in,PPS_ATTRIBUTE_LIST,AttributeList
ntdll.dll,0x26b71,721,NTSTATUS,WINAPI,RtlCreateUserProcess,in,UNICODE_STRING*,ImagePath,in,ULONG,ObjectAttributes,inout,RTL_USER_PROCESS_PARAMETERS*,ProcessParameters,in,PSECURITY_DESCRIPTOR,ProcessSecurityDescriptor,in,PSECURITY_DESCRIPTOR,ThreadSecurityDescriptor,in,HANDLE,ParentProcess,in,BOOLEAN,InheritHandles,in,HANDLE,DebugPort,in,HANDLE,ExceptionPort,out,RTL_USER_PROCESS_INFORMATION*,ProcessInformation
ntdll.dll,0x45d88,369,NTSTATUS,WINAPI,NtOpenProcess,out,HANDLE*,ProcessHandle,in,ACCESS_MASK,DesiredAccess,in,OBJECT_ATTRIBUTES*,ObjectAttributes,in,CLIENT_ID*,ClientId
ntoskrnl.exe,0x219ddd,1109,NTSTATUS,WINAPI,NtOpenProcess,out,HANDLE*,ProcessHandle,in,ACCESS_MASK,DesiredAccess,in,OBJECT_ATTRIBUTES*,ObjectAttributes,in,CLIENT_ID*,ClientId
ntdll.dll,0x468c8,549,NTSTATUS,WINAPI,NtTerminateProcess,in,HANDLE,ProcessHandle,in,NTSTATUS,ExitStatus
ntdll.dll,0x456e8,261,NTSTATUS,WINAPI,NtCreateSection,out,HANDLE*,SectionHandle,in,ACCESS_MASK,DesiredAccess,in,OBJECT_ATTRIBUTES*,ObjectAttributes,in,LARGE_INTEGER*,MaximumSize,in,ULONG,SectionPageProtection,in,ULONG,AllocationAttributes,in,HANDLE,FileHandle
ntoskrnl.exe,0x25469c,1087,NTSTATUS,WINAPI,NtCreateSection,out,HANDLE*,SectionHandle,in,ACCESS_MASK,DesiredAccess,in,OBJECT_ATTRIBUTES*,ObjectAttributes,in,LARGE_INTEGER*,MaximumSize,in,ULONG,SectionPageProtection,in,ULONG,AllocationAttributes,in,HANDLE,FileHandle
ntdll.dll,0x45be8,343,NTSTATUS,WINAPI,NtMakeTemporaryObject,in,HANDLE,ObjectHandle
ntdll.dll,0x45bd8,342,NTSTATUS,WINAPI,NtMakePermanentObject,in,HANDLE,ObjectHandle
ntoskrnl.exe,0x2ca5d5,1104,NTSTATUS,WINAPI,NtMakePermanentObject,in,HANDLE,ObjectHandle
ntdll.dll,0x45dc8,373,NTSTATUS,WINAPI,NtOpenSection,out,HANDLE*,SectionHandle,in,ACCESS_MASK,DesiredAccess,in,OBJECT_ATTRIBUTES*,ObjectAttributes
KERNEL32.dll,0x4de78,169,BOOL,WINAPI,CreateProcessInternalW,in,PVOID,lpUnknown1,in,WSTR*,lpApplicationName,inout,WSTR*,lpCommandLine,in,SECURITY_ATTRIBUTES*,lpProcessAttributes,in,SECURITY_ATTRIBUTES*,lpThreadAttributes,in,BOOL,bInheritHandles,in,DWORD,dwCreationFlags,in,PVOID,lpEnvironment,in,WSTR*,lpCurrentDirectory,in,STARTUPINFOW*,lpStartupInfo,out,PROCESS_INFORMATION*,lpProcessInformation,in,PVOID,lpUnknown2
KERNEL32.dll,0x4de78,169,BOOL,WINAPI,CreateProcessInternalW,in,PVOID,lpUnknown1,in,WSTR*,lpApplicationName,inout,WSTR*,lpCommandLine,in,SECURITY_ATTRIBUTES*,lpProcessAttributes,in,SECURITY_ATTRIBUTES*,lpThreadAttributes,in,BOOL,bInheritHandles,in,DWORD,dwCreationFlags,in,PVOID,lpEnvironment,in,WSTR*,lpCurrentDirectory,in,STARTUPINFOW*,lpStartupInfo,out,PROCESS_INFORMATION*,lpProcessInformation,in,PVOID,lpUnknown2
KERNEL32.dll,0x5214f,283,VOID,WINAPI,ExitProcess,in,UINT,uExitCode
KERNELBASE.dll,0x333f6,146,VOID,WINAPI,ExitProcess,in,UINT,uExitCode
SHELL32.dll,0x21e46,436,BOOL,WINAPI,ShellExecuteExW,inout,SHELLEXECUTEINFOW*,pExecInfo
ntdll.dll,0x469b8,564,NTSTATUS,WINAPI,NtUnmapViewOfSection,in,HANDLE,ProcessHandle,in,PVOID,BaseAddress
ntdll.dll,0x452d8,196,NTSTATUS,WINAPI,NtAllocateVirtualMemory,in,HANDLE,ProcessHandle,inout,PVOID*,BaseAddress,in,ULONG_PTR,ZeroBits,inout,SIZE_T*,RegionSize,in,ULONG,AllocationType,in,ULONG,Protect
ntoskrnl.exe,0x20ae43,1074,NTSTATUS,WINAPI,NtAllocateVirtualMemory,in,HANDLE,ProcessHandle,inout,PVOID*,BaseAddress,in,ULONG_PTR,ZeroBits,inout,SIZE_T*,RegionSize,in,ULONG,AllocationType,in,ULONG,Protect
ntdll.dll,0x462f8,456,NTSTATUS,WINAPI,NtReadVirtualMemory,in,HANDLE,ProcessHandle,in,PVOID,BaseAddress,out,PVOID,Buffer,in,ULONG,NumberOfBytesToRead,out,ULONG*,NumberOfBytesReaded
KERNEL32.dll,0x3c1ce,963,BOOL,WINAPI,ReadProcessMemory,in,HANDLE,hProcess,in,PVOID,lpBaseAddress,out,PVOID,lpBuffer,in,SIZE_T,nSize,out,SIZE_T*,lpNumberOfBytesRead
KERNELBASE.dll,0x9a0a,493,BOOL,WINAPI,ReadProcessMemory,in,HANDLE,hProcess,in,PVOID,lpBaseAddress,out,PVOID,lpBuffer,in,SIZE_T,nSize,out,SIZE_T*,lpNumberOfBytesRead
ntdll.dll,0x46a98,578,NTSTATUS,WINAPI,NtWriteVirtualMemory,in,HANDLE,ProcessHandle,in,PVOID,BaseAddress,in,PVOID,Buffer,in,ULONG,NumberOfBytesToWrite,out,ULONG*,NumberOfBytesWritten
KERNEL32.dll,0x3c1de,1327,BOOL,WINAPI,WriteProcessMemory,in,HANDLE,hProcess,in,PVOID,lpBaseAddress,in,PVOID,lpBuffer,in,SIZE_T,nSize,out,SIZE_T*,lpNumberOfBytesWritten
KERNELBASE.dll,0x242f3,616,BOOL,WINAPI,WriteProcessMemory,in,HANDLE,hProcess,in,PVOID,lpBaseAddress,in,PVOID,lpBuffer,in,SIZE_T,nSize,out,SIZE_T*,lpNumberOfBytesWritten
ntdll.dll,0x45f18,394,NTSTATUS,WINAPI,NtProtectVirtualMemory,in,HANDLE,ProcessHandle,inout,PVOID*,BaseAddress,inout,ULONG*,NumberOfBytesToProtect,in,ULONG,NewAccessProtection,out,ULONG*,OldAccessProtection
KERNEL32.dll,0x8f5d9,1265,BOOL,WINAPI,VirtualProtectEx,in,HANDLE,hProcess,in,PVOID,lpAddress,in,SIZE_T,dwSize,in,DWORD,flNewProtect,out,PDWORD,lpflOldProtect
KERNELBASE.dll,0x222de,599,BOOL,WINAPI,VirtualProtectEx,in,HANDLE,hProcess,in,PVOID,lpAddress,in,SIZE_T,dwSize,in,DWORD,flNewProtect,out,PDWORD,lpflOldProtect
ntdll.dll,0x459d8,309,NTSTATUS,WINAPI,NtFreeVirtualMemory,in,HANDLE,ProcessHandle,in,PVOID*,BaseAddress,inout,ULONG*,RegionSize,in,ULONG,FreeType
ntoskrnl.exe,0x7d311,1097,NTSTATUS,WINAPI,NtFreeVirtualMemory,in,HANDLE,ProcessHandle,in,PVOID*,BaseAddress,inout,ULONG*,RegionSize,in,ULONG,FreeType
KERNEL32.dll,0x3c1ee,1262,BOOL,WINAPI,VirtualFreeEx,in,HANDLE,hProcess,in,PVOID,lpAddress,in,SIZE_T,dwSize,in,DWORD,dwFreeType
KERNELBASE.dll,0x7a2c,597,BOOL,WINAPI,VirtualFreeEx,in,HANDLE,hProcess,in,PVOID,lpAddress,in,SIZE_T,dwSize,in,DWORD,dwFreeType
msvcrt.dll,0x5b16f,1330,int32_t,CDECL,system
ntdll.dll,0x45718,264,NTSTATUS,WINAPI,NtCreateThread,out,HANDLE*,ThreadHandle,in,ACCESS_MASK,DesiredAccess,in,OBJECT_ATTRIBUTES*,ObjectAttributes,in,HANDLE,ProcessHandle,out,CLIENT_ID*,ClientId,in,PCONTEXT,ThreadContext,in,PINITIAL_TEB,InitialTeb,in,BOOLEAN,CreateSuspended
ntdll.dll,0x45728,265,NTSTATUS,WINAPI,NtCreateThreadEx,out,HANDLE*,hThread,in,ACCESS_MASK,DesiredAccess,in,PVOID,ObjectAttributes,in,HANDLE,ProcessHandle,in,LPTHREAD_START_ROUTINE,lpStartAddress,in,PVOID,lpParameter,in,BOOL,CreateSuspended,in,LONG,StackZeroBits,in,LONG,SizeOfStackCommit,in,LONG,SizeOfStackReserve,out,PVOID,lpBytesBuffer
ntdll.dll,0x45e08,377,NTSTATUS,WINAPI,NtOpenThread,out,HANDLE*,ThreadHandle,in,ACCESS_MASK,DesiredAccess,in,OBJECT_ATTRIBUTES*,ObjectAttributes,in,CLIENT_ID*,ClientId
ntoskrnl.exe,0x26f8b0,1113,NTSTATUS,WINAPI,NtOpenThread,out,HANDLE*,ThreadHandle,in,ACCESS_MASK,DesiredAccess,in,OBJECT_ATTRIBUTES*,ObjectAttributes,in,CLIENT_ID*,ClientId
ntdll.dll,0x45a18,313,NTSTATUS,WINAPI,NtGetContextThread,in,HANDLE,ThreadHandle,inout,PCONTEXT,Context
ntdll.dll,0x46568,495,NTSTATUS,WINAPI,NtSetContextThread,in,HANDLE,ThreadHandle,in,PCONTEXT,Context
ntdll.dll,0x46898,546,NTSTATUS,WINAPI,NtSuspendThread,in,HANDLE,ThreadHandle,out,ULONG*,PreviousSuspendCount
ntdll.dll,0x464a8,483,NTSTATUS,WINAPI,NtResumeThread,in,HANDLE,ThreadHandle,out,ULONG*,SuspendCount
ntdll.dll,0x468d8,550,NTSTATUS,WINAPI,NtTerminateThread,in,HANDLE,ThreadHandle,in,NTSTATUS,ExitStatus
KERNEL32.dll,0x5375d,183,HANDLE,WINAPI,CreateThread,in,SECURITY_ATTRIBUTES*,lpThreadAttributes,in,SIZE_T,dwStackSize,in,LPTHREAD_START_ROUTINE,lpStartAddress,in,PVOID,lpParameter,in,DWORD,dwCreationFlags,out,DWORD*,lpThreadId
KERNELBASE.dll,0x33897,94,HANDLE,WINAPI,CreateThread,in,SECURITY_ATTRIBUTES*,lpThreadAttributes,in,SIZE_T,dwStackSize,in,LPTHREAD_START_ROUTINE,lpStartAddress,in,PVOID,lpParameter,in,DWORD,dwCreationFlags,out,DWORD*,lpThreadId
KERNEL32.dll,0x8f33b,171,HANDLE,WINAPI,CreateRemoteThread,in,HANDLE,hProcess,in,SECURITY_ATTRIBUTES*,lpThreadAttributes,in,SIZE_T,dwStackSize,in,LPTHREAD_START_ROUTINE,lpStartAddress,in,PVOID,lpParameter,in,DWORD,dwCreationFlags,out,DWORD*,lpThreadId
KERNELBASE.dll,0x338c0,90,HANDLE,WINAPI,CreateRemoteThread,in,HANDLE,hProcess,in,SECURITY_ATTRIBUTES*,lpThreadAttributes,in,SIZE_T,dwStackSize,in,LPTHREAD_START_ROUTINE,lpStartAddress,in,PVOID,lpParameter,in,DWORD,dwCreationFlags,out,DWORD*,lpThreadId
KERNEL32.dll,0x522a7,1218,BOOL,WINAPI,TerminateThread,inout,HANDLE,hThread,in,DWORD,dwExitCode
KERNELBASE.dll,0xc2e2,575,BOOL,WINAPI,TerminateThread,inout,HANDLE,hThread,in,DWORD,dwExitCode
ntdll.dll,0x9250,724,NTSTATUS,WINAPI,RtlCreateUserThread,in,HANDLE,ProcessHandle,in,PSECURITY_DESCRIPTOR,SecurityDescriptor,in,BOOLEAN,CreateSuspended,in,ULONG,StackZeroBits,inout,ULONG*,StackReserved,inout,ULONG*,StackCommit,in,PVOID,StartAddress,in,PVOID,StartParameter,out,HANDLE*,ThreadHandle,out,CLIENT_ID*,ClientId
USER32.dll,0x36d0c,2231,HHOOK,WINAPI,SetWindowsHookExA,in,int32_t,idHook,in,HOOKPROC,lpfn,in,HINSTANCE,hMod,in,DWORD,dwThreadId
USER32.dll,0xe30c,2232,HHOOK,WINAPI,SetWindowsHookExW,in,int32_t,idHook,in,HOOKPROC,lpfn,in,HINSTANCE,hMod,in,DWORD,dwThreadId
USER32.dll,0xadf9,2281,BOOL,WINAPI,UnhookWindowsHookEx,in,HHOOK,hhk
ntdll.dll,0x622b8,137,NTSTATUS,WINAPI,LdrLoadDll,in,WSTR*,PathToFile,in,ULONG,Flags,in,UNICODE_STRING*,ModuleFileName,out,HANDLE*,ModuleHandle
ntdll.dll,0x58af8,124,NTSTATUS,WINAPI,LdrGetDllHandle,in,PWORD,pwPath,in,PVOID,Unused,in,UNICODE_STRING*,ModuleFileName,out,HANDLE*,pHModule
ntdll.dll,0x6228d,130,NTSTATUS,WINAPI,LdrGetProcedureAddress,in,HMODULE,ModuleHandle,in,ANSI_STRING*,FunctionName,in,WORD,Ordinal,out,PVOID*,FunctionAddress
KERNEL32.dll,0x4a629,223,BOOL,WINAPI,DeviceIoControl,in,HANDLE,hDevice,in,DWORD,dwIoControlCode,in,PVOID,lpInBuffer,in,DWORD,nInBufferSize,out,PVOID,lpOutBuffer,in,DWORD,nOutBufferSize,out,DWORD*,lpBytesReturned,inout,LPOVERLAPPED,lpOverlapped
KERNELBASE.dll,0x97af,118,BOOL,WINAPI,DeviceIoControl,in,HANDLE,hDevice,in,DWORD,dwIoControlCode,in,PVOID,lpInBuffer,in,DWORD,nInBufferSize,out,PVOID,lpOutBuffer,in,DWORD,nOutBufferSize,out,DWORD*,lpBytesReturned,inout,LPOVERLAPPED,lpOverlapped
ntdll.dll,0x457c8,276,NTSTATUS,WINAPI,NtDelayExecution,in,BOOLEAN,Alertable,in,LARGE_INTEGER*,DelayInterval
USER32.dll,0x506c7,1754,BOOL,WINAPI,ExitWindowsEx,in,UINT,uFlags,in,DWORD,dwReason
KERNEL32.dll,0x43ea8,769,BOOL,WINAPI,IsDebuggerPresent
KERNELBASE.dll,0x21e2e,397,BOOL,WINAPI,IsDebuggerPresent
ADVAPI32.dll,0x141b3,1408,BOOL,WINAPI,LookupPrivilegeValueW,in,WSTR*,lpSystemName,in,WSTR*,lpName,out,PLUID,lpLuid
ntdll.dll,0x454c8,227,NTSTATUS,WINAPI,NtClose,in,HANDLE,Handle
ntoskrnl.exe,0x24569d,1078,NTSTATUS,WINAPI,NtClose,in,HANDLE,Handle
KERNEL32.dll,0x52cd6,1307,BOOL,WINAPI,WriteConsoleA,in,HANDLE,hConsoleOutput,in,STR*,lpBuffer,in,DWORD,nNumberOfCharsToWrite,out,DWORD*,lpNumberOfCharsWritten,in,PVOID,lpReseverd
KERNEL32.dll,0x482f1,1317,BOOL,WINAPI,WriteConsoleW,in,HANDLE,hConsoleOutput,in,WSTR*,lpBuffer,in,DWORD,nNumberOfCharsToWrite,out,DWORD*,lpNumberOfCharsWritten,in,PVOID,lpReseverd
USER32.dll,0x167cf,1891,int32_t,WINAPI,GetSystemMetrics,in,int32_t,nIndex
USER32.dll,0xa4b3,1797,BOOL,WINAPI,GetCursorPos,out,POINT*,lpPoint
urlmon.dll,0x966f6,220,HRESULT,WINAPI,URLDownloadToFileW,in,LPUNKNOWN,pCaller,in,WSTR*,szURL,in,WSTR*,szFileName,in,DWORD,dwReserved,in,PVOID,lpfnCB
WININET.dll,0x2f18e,269,HINTERNET,WINAPI,InternetOpenA,in,STR*,lpszAgent,in,DWORD,dwAccessType,in,STR*,lpszProxyName,in,STR*,lpszProxyBypass,in,DWORD,dwFlags
WININET.dll,0x29197,272,HINTERNET,WINAPI,InternetOpenW,in,WSTR*,lpszAgent,in,DWORD,dwAccessType,in,WSTR*,lpszProxyName,in,WSTR*,lpszProxyBypass,in,DWORD,dwFlags
WININET.dll,0x249e9,231,HINTERNET,WINAPI,InternetConnectA,in,HINTERNET,hInternet,in,STR*,lpszServerName,in,INTERNET_PORT,nServerPort,in,STR*,lpszUsername,in,STR*,lpszPassword,in,DWORD,dwService,in,DWORD,dwFlags,in,DWORD_PTR,dwContext
WININET.dll,0x2492c,232,HINTERNET,WINAPI,InternetConnectW,in,HINTERNET,hInternet,in,WSTR*,lpszServerName,in,INTERNET_PORT,nServerPort,in,WSTR*,lpszUsername,in,WSTR*,lpszPassword,in,DWORD,dwService,in,DWORD,dwFlags,in,DWORD_PTR,dwContext
WININET.dll,0x430f1,270,HINTERNET,WINAPI,InternetOpenUrlA,in,HINTERNET,hInternet,in,STR*,lpszUrl,in,STR*,lpszHeaders,in,DWORD,dwHeadersLength,in,DWORD,dwFlags,in,DWORD_PTR,dwContext
WININET.dll,0x7be5c,271,HINTERNET,WINAPI,InternetOpenUrlW,in,HINTERNET,hInternet,in,WSTR*,lpszUrl,in,WSTR*,lpszHeaders,in,DWORD,dwHeadersLength,in,DWORD,dwFlags,in,DWORD_PTR,dwContext
WININET.dll,0x24c7d,205,HINTERNET,WINAPI,HttpOpenRequestA,in,HINTERNET,hConnect,in,STR*,lpszVerb,in,STR*,lpszObjectName,in,STR*,lpszVersion,in,STR*,lpszReferer,in,STR**,lplpszAcceptTypes,in,DWORD,dwFlags,in,DWORD_PTR,dwContext
WININET.dll,0x24a42,206,HINTERNET,WINAPI,HttpOpenRequestW,in,HINTERNET,hConnect,in,WSTR*,lpszVerb,in,WSTR*,lpszObjectName,in,WSTR*,lpszVersion,in,WSTR*,lpszReferer,in,WSTR**,lplpszAcceptTypes,in,DWORD,dwFlags,in,DWORD_PTR,dwContext
WININET.dll,0x918f8,209,BOOL,WINAPI,HttpSendRequestA,in,HINTERNET,hRequest,in,STR*,lpszHeaders,in,DWORD,dwHeadersLength,in,PVOID,lpOptional,in,DWORD,dwOptionalLength
WININET.dll,0x2ba12,212,BOOL,WINAPI,HttpSendRequestW,in,HINTERNET,hRequest,in,WSTR*,lpszHeaders,in,DWORD,dwHeadersLength,in,PVOID,lpOptional,in,DWORD,dwOptionalLength
WININET.dll,0x1b406,277,BOOL,WINAPI,InternetReadFile,in,HINTERNET,hFile,out,PVOID,lpBuffer,in,DWORD,dwNumberOfBytesToRead,out,DWORD*,lpdwNumberOfBytesRead
WININET.dll,0x346da,309,BOOL,WINAPI,InternetWriteFile,in,HINTERNET,hFile,in,PVOID,lpBuffer,in,DWORD,dwNumberOfBytesToWrite,out,DWORD*,lpdwNumberOfBytesWritten
WININET.dll,0x1ab49,225,BOOL,WINAPI,InternetCloseHandle,in,HINTERNET,hInternet
DNSAPI.dll,0x2a9bc,95,DNS_STATUS,WINAPI,DnsQuery_A,in,STR*,lpstrName,in,WORD,wType,in,DWORD,Options,inout,PVOID,pExtra,out,PDNS_RECORD*,ppQueryResultsSet,out,PVOID*,pReserved
DNSAPI.dll,0x80d2,96,DNS_STATUS,WINAPI,DnsQuery_UTF8,in,BYTE*,lpstrName,in,WORD,wType,in,DWORD,Options,inout,PVOID,pExtra,out,PDNS_RECORD*,ppQueryResultsSet,out,PVOID*,pReserved
DNSAPI.dll,0x1572c,97,DNS_STATUS,WINAPI,DnsQuery_W,in,WSTR*,lpstrName,in,WORD,wType,in,DWORD,Options,inout,PVOID,pExtra,out,PDNS_RECORD*,ppQueryResultsSet,out,PVOID*,pReserved
WS2_32.dll,0x4296,163,int32_t,WSAAPI,getaddrinfo,in,STR*,pNodeName,in,STR*,pServiceName,in,ADDRINFOA*,pHints,out,PADDRINFOA*,ppResult
WS2_32.dll,0x4889,30,int32_t,WSAAPI,GetAddrInfoW,in,WSTR*,pNodeName,in,WSTR*,pServiceName,in,ADDRINFOW*,pHints,out,PADDRINFOW*,ppResult
ADVAPI32.dll,0x12bd8,1505,SC_HANDLE,WINAPI,OpenSCManagerA,in,STR*,lpMachineName,in,STR*,lpDatabaseName,in,DWORD,dwDesiredAccess
ADVAPI32.dll,0xca64,1506,SC_HANDLE,WINAPI,OpenSCManagerW,in,WSTR*,lpMachineName,in,WSTR*,lpDatabaseName,in,DWORD,dwDesiredAccess
ADVAPI32.dll,0x43158,1130,SC_HANDLE,WINAPI,CreateServiceA,in,SC_HANDLE,hSCManager,in,STR*,lpServiceName,in,STR*,lpDisplayName,in,DWORD,dwDesiredAccess,in,DWORD,dwServiceType,in,DWORD,dwStartType,in,DWORD,dwErrorControl,in,STR*,lpBinaryPathName,in,STR*,lpLoadOrderGroup,out,DWORD*,lpdwTagId,in,STR*,lpDependencies,in,STR*,lpServiceStartName,in,STR*,lpPassword
ADVAPI32.dll,0x2712c,1131,SC_HANDLE,WINAPI,CreateServiceW,in,SC_HANDLE,hSCManager,in,WSTR*,lpServiceName,in,WSTR*,lpDisplayName,in,DWORD,dwDesiredAccess,in,DWORD,dwServiceType,in,DWORD,dwStartType,in,DWORD,dwErrorControl,in,WSTR*,lpBinaryPathName,in,WSTR*,lpLoadOrderGroup,out,DWORD*,lpdwTagId,in,WSTR*,lpDependencies,in,WSTR*,lpServiceStartName,in,WSTR*,lpPassword
ADVAPI32.dll,0x12bf0,1507,SC_HANDLE,WINAPI,OpenServiceA,in,SC_HANDLE,hSCManager,in,STR*,lpServiceName,in,DWORD,dwDesiredAccess
ADVAPI32.dll,0xca4c,1508,SC_HANDLE,WINAPI,OpenServiceW,in,SC_HANDLE,hSCManager,in,WSTR*,lpServiceName,in,DWORD,dwDesiredAccess
ADVAPI32.dll,0x43543,1711,BOOL,WINAPI,StartServiceA,in,SC_HANDLE,hService,in,DWORD,dwNumServiceArgs,in,STR**,lpServiceArgVectors
ADVAPI32.dll,0x7974,1714,BOOL,WINAPI,StartServiceW,in,SC_HANDLE,hService,in,DWORD,dwNumServiceArgs,in,WSTR**,lpServiceArgVectors
ADVAPI32.dll,0x27144,1094,BOOL,WINAPI,ControlService,in,SC_HANDLE,hService,in,DWORD,dwControl,out,SERVICE_STATUS*,lpServiceStatus
ADVAPI32.dll,0x2715c,1220,BOOL,WINAPI,DeleteService,in,SC_HANDLE,hService
ntdll.dll,0x457c8,276,NTSTATUS,WINAPI,NtDelayExecution,in,BOOLEAN,Alertable,in,LARGE_INTEGER*,DelayInterval
KERNEL32.dll,0x4a90e,515,void,WINAPI,GetLocalTime,out,SYSTEMTIME*,lpSystemTime
KERNELBASE.dll,0x9236,248,void,WINAPI,GetLocalTime,out,SYSTEMTIME*,lpSystemTime
KERNEL32.dll,0x4ced8,632,void,WINAPI,GetSystemTime,out,SYSTEMTIME*,lpSystemTime
KERNELBASE.dll,0xe20a,313,void,WINAPI,GetSystemTime,out,SYSTEMTIME*,lpSystemTime
KERNEL32.dll,0x4ba60,661,DWORD,WINAPI,GetTickCount
KERNELBASE.dll,0x6740,326,DWORD,WINAPI,GetTickCount
ntdll.dll,0x46218,442,NTSTATUS,WINAPI,NtQuerySystemTime,out,LARGE_INTEGER*,SystemTime
WS2_32.dll,0x3ab2,115,int32_t,WINAPI,WSAStartup,in,WORD,wVersionRequested,out,WSADATA*,lpWSAData
WS2_32.dll,0x17673,52,hostent*,WSAAPI,gethostbyname,in,STR*,name
WS2_32.dll,0x3eb8,23,SOCKET,WSAAPI,socket,in,int32_t,af,in,int32_t,type,in,int32_t,protocol
WS2_32.dll,0x6bdd,4,int32_t,WSAAPI,connect,in,SOCKET,s,in,sockaddr*,name,in,int32_t,namelen
WS2_32.dll,0x6f01,19,int32_t,WSAAPI,send,in,SOCKET,s,in,STR*,buf,in,int32_t,len,in,int32_t,flags
WS2_32.dll,0x34b5,20,int32_t,WSAAPI,sendto,in,SOCKET,s,in,STR*,buf,in,int32_t,len,in,int32_t,flags,in,sockaddr*,to,in,int32_t,tolen
WS2_32.dll,0x6b0e,16,int32_t,WSAAPI,recv,in,SOCKET,s,out,STR*,buf,in,int32_t,len,in,int32_t,flags
WSOCK32.dll,0x17a8,16,int32_t,WSAAPI,recv,in,SOCKET,s,out,STR*,buf,in,int32_t,len,in,int32_t,flags
WS2_32.dll,0xb6dc,17,int32_t,WSAAPI,recvfrom,in,SOCKET,s,out,STR*,buf,in,int32_t,len,in,int32_t,flags,out,sockaddr*,from,inout,int32_t*,fromlen
WSOCK32.dll,0x1808,17,int32_t,WSAAPI,recvfrom,in,SOCKET,s,out,STR*,buf,in,int32_t,len,in,int32_t,flags,out,sockaddr*,from,inout,int32_t*,fromlen
WS2_32.dll,0x68b6,1,SOCKET,WSAAPI,accept,in,SOCKET,s,out,sockaddr*,addr,inout,int32_t*,addrlen
WS2_32.dll,0x4582,2,int32_t,WSAAPI,bind,in,SOCKET,s,in,sockaddr*,name,in,int32_t,namelen
WS2_32.dll,0xb001,13,int32_t,WSAAPI,listen,in,SOCKET,s,in,int32_t,backlog
WS2_32.dll,0x6989,18,int32_t,WSAAPI,select,in,SOCKET,s,inout,uint32_t*,readfds,inout,uint32_t*,writefds,inout,uint32_t*,exceptfds,in,timeval*,timeout
WS2_32.dll,0x41b6,21,int32_t,WSAAPI,setsockopt,in,SOCKET,s,in,int32_t,level,in,int32_t,optname,in,STR*,optval,in,int32_t,optlen
WSOCK32.dll,0x18e0,21,int32_t,WSAAPI,setsockopt,in,SOCKET,s,in,int32_t,level,in,int32_t,optname,in,STR*,optval,in,int32_t,optlen
WS2_32.dll,0x3084,10,int32_t,WSAAPI,ioctlsocket,in,SOCKET,s,in,int32_t,cmd,inout,uint32_t*,argp
WS2_32.dll,0x3918,3,int32_t,WSAAPI,closesocket,in,SOCKET,s
WS2_32.dll,0x449d,22,int32_t,WSAAPI,shutdown,in,SOCKET,s,in,int32_t,how
WS2_32.dll,0x7089,87,int32_t,WSAAPI,WSARecv,in,SOCKET,s,inout,WSABUF*,lpBuffers,in,DWORD,dwBufferCount,out,DWORD*,lpNumberOfBytesRecvd,inout,DWORD*,lpFlags,in,LPWSAOVERLAPPED,lpOverlapped,in,LPWSAOVERLAPPED_COMPLETION_ROUTINE,lpCompletionRoutine
WS2_32.dll,0xcba6,89,int32_t,WSAAPI,WSARecvFrom,in,SOCKET,s,inout,WSABUF*,lpBuffers,in,DWORD,dwBufferCount,out,DWORD*,lpNumberOfBytesRecvd,inout,DWORD*,lpFlags,out,sockaddr*,lpFrom,inout,INT*,lpFromlen,in,LPWSAOVERLAPPED,lpOverlapped,in,LPWSAOVERLAPPED_COMPLETION_ROUTINE,lpCompletionRoutine
WS2_32.dll,0x4406,92,int32_t,WSAAPI,WSASend,in,SOCKET,s,in,WSABUF*,lpBuffers,in,DWORD,dwBufferCount,out,DWORD*,lpNumberOfBytesSent,in,DWORD,dwFlags,in,LPWSAOVERLAPPED,lpOverlapped,in,LPWSAOVERLAPPED_COMPLETION_ROUTINE,lpCompletionRoutine
WS2_32.dll,0x1b30c,95,int32_t,WSAAPI,WSASendTo,in,SOCKET,s,in,WSABUF*,lpBuffers,in,DWORD,dwBufferCount,out,DWORD*,lpNumberOfBytesSent,in,DWORD,dwFlags,in,sockaddr*,lpTo,in,int32_t,iToLen,in,LPWSAOVERLAPPED,lpOverlapped,in,LPWSAOVERLAPPED_COMPLETION_ROUTINE,lpCompletionRoutine
WS2_32.dll,0xc82a,99,SOCKET,WSAAPI,WSASocketA,in,int32_t,af,in,int32_t,type,in,int32_t,protocol,in,LPWSAPROTOCOL_INFO,lpProtocolInfo,in,GROUP,g,in,DWORD,dwFlags
WS2_32.dll,0x3cd3,100,SOCKET,WSAAPI,WSASocketW,in,int32_t,af,in,int32_t,type,in,int32_t,protocol,in,LPWSAPROTOCOL_INFO,lpProtocolInfo,in,GROUP,g,in,DWORD,dwFlags
MSWSOCK.dll,0x1c7e2,20,BOOL,WINAPI,TransmitFile,in,SOCKET,hSocket,in,HANDLE,hFile,in,DWORD,nNumberOfBytesToWrite,in,DWORD,nNumberOfBytesPerSend,in,LPOVERLAPPED,lpOverlapped,in,LPTRANSMIT_FILE_BUFFERS,lpTransmitBuffers,in,DWORD,dwFlags
MSWSOCK.dll,0x1c7e2,20,BOOL,WINAPI,TransmitFile,in,SOCKET,hSocket,in,HANDLE,hFile,in,DWORD,nNumberOfBytesToWrite,in,DWORD,nNumberOfBytesPerSend,in,LPOVERLAPPED,lpOverlapped,in,LPTRANSMIT_FILE_BUFFERS,lpTransmitBuffers,in,DWORD,dwFlags
ntdll.dll,0x45c28,1575,NTSTATUS,WINAPI,ZwMapViewOfSection,in,HANDLE,SectionHandle,in,HANDLE,ProcessHandle,inout,PVOID*,BaseAddress,in,ULONG_PTR,ZeroBits,in,SIZE_T,CommitSize,inout,LARGE_INTEGER*,SectionOffset,inout,SIZE_T*,ViewSize,in,UINT,InheritDisposition,in,ULONG,AllocationType,in,ULONG,Win32Protect
ntoskrnl.exe,0x33af8,1920,NTSTATUS,WINAPI,ZwMapViewOfSection,in,HANDLE,SectionHandle,in,HANDLE,ProcessHandle,inout,PVOID*,BaseAddress,in,ULONG_PTR,ZeroBits,in,SIZE_T,CommitSize,inout,LARGE_INTEGER*,SectionOffset,inout,SIZE_T*,ViewSize,in,UINT,InheritDisposition,in,ULONG,AllocationType,in,ULONG,Win32Protect
KERNEL32.dll,0x4154e,675,DWORD,WINAPI,GetVersion
KERNELBASE.dll,0xeb3e,338,DWORD,WINAPI,GetVersion
KERNEL32.dll,0x53861,676,BOOL,WINAPI,GetVersionExA,inout,OSVERSIONINFOEXA*,lpVersionInfo
KERNELBASE.dll,0xc45e,339,BOOL,WINAPI,GetVersionExA,inout,OSVERSIONINFOEXA*,lpVersionInfo
KERNEL32.dll,0x43b1a,677,BOOL,WINAPI,GetVersionExW,inout,OSVERSIONINFOEXW*,lpVersionInfo
KERNELBASE.dll,0x8b1c,340,BOOL,WINAPI,GetVersionExW,inout,OSVERSIONINFOEXW*,lpVersionInfo
KERNEL32.dll,0x598ff,392,STR*,WINAPI,GetCommandLineA
KERNELBASE.dll,0xc63e,199,STR*,WINAPI,GetCommandLineA
KERNEL32.dll,0x5679e,393,WSTR*,WINAPI,GetCommandLineW
KERNELBASE.dll,0xda56,200,WSTR*,WINAPI,GetCommandLineW
KERNEL32.dll,0x4cf41,533,HMODULE,WINAPI,GetModuleHandleA,in,STR*,lpModuleName
KERNELBASE.dll,0x87f8,261,HMODULE,WINAPI,GetModuleHandleA,in,STR*,lpModuleName
KERNEL32.dll,0x5374d,536,HMODULE,WINAPI,GetModuleHandleW,in,WSTR*,lpModuleName
KERNELBASE.dll,0x871b,264,HMODULE,WINAPI,GetModuleHandleW,in,WSTR*,lpModuleName
KERNEL32.dll,0x3f64c,534,BOOL,WINAPI,GetModuleHandleExA,in,DWORD,dwFlags,in,STR*,lpModuleName,out,HMODULE*,phModule
KERNELBASE.dll,0x223d2,262,BOOL,WINAPI,GetModuleHandleExA,in,DWORD,dwFlags,in,STR*,lpModuleName,out,HMODULE*,phModule
KERNEL32.dll,0x43e39,535,BOOL,WINAPI,GetModuleHandleExW,in,DWORD,dwFlags,in,WSTR*,lpModuleName,out,HMODULE*,phModule
KERNELBASE.dll,0xb594,263,BOOL,WINAPI,GetModuleHandleExW,in,DWORD,dwFlags,in,WSTR*,lpModuleName,out,HMODULE*,phModule
USER32.dll,0x5ea11,2039,int32_t,WINAPI,MessageBoxA,in,HWND,hWnd,in,STR*,lpText,in,STR*,lpCaption,in,uint32_t,uType
USER32.dll,0x5ea5f,2046,int32_t,WINAPI,MessageBoxW,in,HWND,hWnd,in,WSTR*,lpText,in,WSTR*,lpCaption,in,UINT,uType
USER32.dll,0x5e9c9,2040,int32_t,WINAPI,MessageBoxExA,in,HWND,hWnd,in,STR*,lpText,in,STR*,lpCaption,in,UINT,uType,in,DWORD,wLanguageId
USER32.dll,0x5e9ed,2041,int32_t,WINAPI,MessageBoxExW,in,HWND,hWnd,in,WSTR*,lpText,in,WSTR*,lpCaption,in,UINT,uType,in,DWORD,wLanguageId
USER32.dll,0x5e869,2042,int32_t,WINAPI,MessageBoxIndirectA,in,MSGBOXPARAMSA*,lpmbp
USER32.dll,0x5e963,2043,int32_t,WINAPI,MessageBoxIndirectW,in,MSGBOXPARAMSW*,lpmbp
USER32.dll,0x5e795,2044,int32_t,WINAPI,MessageBoxTimeoutA,in,HWND,hWnd,in,STR*,lpText,in,STR*,lpCaption,in,UINT,uType,in,DWORD,wLanguageId,in,DWORD,dwMilliseconds
USER32.dll,0x5e70d,2045,int32_t,WINAPI,MessageBoxTimeoutW,in,HWND,hWnd,in,WSTR*,lpText,in,WSTR*,lpCaption,in,UINT,uType,in,DWORD,wLanguageId,in,DWORD,dwMilliseconds
